userID,artistIDs
2,51 289 227 292 288
3,748 603 72 2667 154
4,289 292 1713 89 30
5,289 89 72 67 288
6,289 72 89 67 288
7,55 461 285 466 701
8,295 67 701 461 466
9,289 72 89 67 288
10,707 227 1672 234 289
11,67 55 300 466 701
12,289 89 292 67 461
13,289 288 55 285 701
14,227 72 1412 163 735
15,72 289 89 227 378
16,289 89 292 288 67
17,295 55 333 306 257
18,289 903 288 89 498
20,378 227 15529 1412 498
21,466 55 333 344 257
22,289 72 498 89 227
23,203 51 1412 1369 11892
24,289 292 55 701 461
25,300 461 55 344 285
26,72 89 67 198 15250
27,289 72 89 288 498
28,159 233 726 82 429
29,498 701 779 1670 704
30,89 292 67 300 701
31,289 173 292 89 1713
32,203 72 163 1814 51
33,15250 15251 15252 15253 936
34,190 12547 154 159 5097
35,163 1418 227 154 1411
36,687 512 13637 195 1037
37,89 72 289 292 67
38,289 55 292 686 903
39,498 72 707 227 903
40,72 227 498 51 153
41,707 72 1673 959 1412
42,292 67 257 333 295
43,289 292 288 67 72
44,289 292 89 288 154
45,67 344 55 498 679
46,67 295 55 257 157
47,89 292 67 295 55
48,292 461 72 466 333
49,292 67 295 300 55
50,289 89 72 903 292
51,72 289 89 292 227
52,157 289 292 681 233
53,292 295 461 72 157
54,89 295 285 257 209
55,234 475 1943 2923 6885
56,903 227 289 15250 707
57,295 67 461 679 55
58,295 466 701 55 498
59,289 89 292 288 295
60,190 209 72 154 227
61,289 257 67 344 701
62,289 89 67 288 233
63,1249 72 157 1369 15250
64,289 89 292 67 288
65,295 289 288 67 89
66,159 203 227 599 511
68,55 333 679 498 291
69,227 735 153 13305 67
70,220 331 707 278 65
71,498 227 903 198 163
72,288 461 701 295 72
73,72 289 89 288 292
74,378 289 89 67 917
75,461 291 257 903 310
76,289 292 288 67 300
77,72 289 67 903 707
78,72 67 159 15250 2667
79,67 300 701 344 72
80,15250 503 233 512 89
81,475 1814 1946 1627 267
82,903 227 289 512 542
83,13564 13565 13981 13982 1109
84,89 72 157 227 1034
85,227 1412 72 163 707
86,89 289 333 300 288
87,289 89 55 701 679
88,227 212 216 615 16778
89,292 295 288 55 344
90,289 292 89 344 67
91,72 203 227 159 163
92,1 2 3 4 5
94,163 511 51 190 429
95,289 498 325 2020 704
96,72 378 159 227 89
97,157 289 292 681 233
98,461 344 498 257 681
99,289 67 233 30 153
100,72 163 51 11892 599
101,89 289 292 288 295
102,1130 17753 1491 554 17755
103,30 173 1061 153 67
104,289 67 288 292 295
105,51 72 203 154 56
106,2833 1104 2667 748 67
107,72 289 292 89 233
108,227 707 498 72 67
109,1249 707 163 289 706
110,67 461 701 466 285
111,289 89 292 288 227
113,378 15250 72 295 1412
114,707 1249 917 72 157
115,15250 72 227 15529 67
116,475 289 89 295 292
117,72 511 190 378 89
118,295 378 486 1044 493
119,707 498 227 917 1412
120,289 89 67 466 55
121,289 67 466 344 333
122,227 154 157 67 72
123,289 67 190 903 51
124,289 67 89 227 292
125,289 288 903 295 461
126,701 257 291 461 498
127,289 498 707 288 903
128,67 159 289 511 190
129,701 498 679 157 291
130,466 498 679 2102 325
131,748 603 227 1627 245
132,288 292 67 466 679
133,289 55 344 2102 2020
134,289 295 300 461 333
135,701 903 295 333 498
136,289 300 466 461 498
137,89 292 288 67 498
139,289 89 292 288 461
140,51 72 159 227 12400
141,12400 159 203 997 8966
142,72 289 89 227 292
143,289 89 288 72 67
144,461 72 344 257 679
145,289 288 295 67 461
146,289 55 679 157 285
147,89 300 285 461 466
148,4183 3737 4184 4230 3248
149,227 903 289 288 292
150,292 67 461 300 55
151,289 292 89 288 295
152,289 292 288 67 295
153,15250 2833 1104 2667 748
154,89 288 292 295 344
155,72 203 227 163 51
156,599 600 602 615 197
157,227 1249 289 707 72
158,289 89 292 288 67
159,289 89 461 295 55
161,289 89 292 72 288
162,289 292 288 300 55
163,289 461 89 292 291
164,51 511 72 227 18424
166,1 2 3 4 5
168,603 56 744 13564 2667
170,15250 498 333 15529 67
171,227 903 15250 15251 15252
172,289 89 292 288 295
173,289 67 89 288 65
174,3196 3183 19 7512 11031
175,292 89 288 300 67
176,159 12400 1001 599 997
177,289 89 292 67 707
178,292 378 67 461 227
179,300 295 466 701 55
180,89 289 292 461 378
181,4229 233 4226 154 72
182,233 726 1131 72 707
183,289 89 233 292 173
184,227 15529 1412 498 687
185,2102 726 889 233 375
186,288 67 295 55 2548
187,153 1001 12400 511 59
189,72 1412 1034 16857 854
190,701 89 55 288 295
191,289 67 292 89 173
192,233 805 816 813 198
193,289 292 72 288 378
194,11892 1814 3444 1083 985
195,289 89 292 72 903
196,72 159 378 67 289
198,289 89 288 292 498
200,707 15250 289 1249 868
201,289 89 157 233 288
202,289 72 89 67 292
203,289 89 292 67 288
204,12547 1412 173 441 227
205,72 3827 154 2747 1797
206,233 67 292 378 207
207,289 292 288 67 295
208,72 234 813 7 918
209,89 257 701 285 344
210,292 89 233 30 153
211,289 67 292 157 227
212,289 227 903 72 89
213,289 292 89 288 67
214,72 157 333 344 679
215,15250 227 89 1412 288
216,173 30 163 187 67
217,227 72 498 51 707
218,173 1713 30 153 233
219,378 498 295 89 15250
220,903 292 289 89 288
223,89 67 55 257 701
224,289 89 67 288 511
225,233 190 89 498 816
226,55 498 257 157 285
227,157 498 257 475 285
228,15250 15251 154 15252 15253
229,292 67 295 55 300
230,295 257 498 681 325
231,55 344 333 257 498
232,89 300 461 701 466
233,295 701 344 333 257
234,498 707 227 903 72
235,72 1673 1412 841 198
236,289 67 461 466 55
237,72 153 1814 13181 173
238,289 227 72 89 67
240,461 333 679 681 257
241,289 89 288 292 295
242,55 461 333 679 903
243,289 285 300 257 461
244,903 289 292 51 227
247,289 89 288 292 300
248,289 67 55 344 498
249,512 498 257 2840 1118
250,227 72 15250 903 289
251,453 154 227 439 1098
252,288 67 344 701 257
253,89 292 300 466 679
254,903 289 498 89 292
255,2143 748 2667 2833 1104
256,461 498 679 344 291
257,72 15250 2667 159 487
258,292 67 344 157 55
259,4229 233 72 3827 498
260,289 288 461 295 300
261,89 289 687 292 498
262,209 917 1104 2833 486
263,289 2102 89 299 726
264,159 67 227 89 498
265,289 89 157 292 72
266,72 289 89 292 67
267,461 701 295 333 67
268,227 72 163 868 959
269,67 89 159 289 1001
270,233 285 207 67 227
271,701 679 498 344 291
273,292 67 89 288 257
274,289 89 295 292 55
275,289 89 67 288 227
277,4229 173 72 3827 2747
278,288 295 344 679 325
279,687 816 498 289 805
280,289 288 466 55 461
281,1412 163 1372 188 198
282,930 917 522 159 918
283,289 89 292 72 288
284,378 486 209 15250 15251
285,903 227 498 289 15250
286,292 55 466 2102 903
288,735 233 157 15250 2624
289,289 292 288 461 295
290,289 72 292 89 157
291,292 288 89 295 701
292,72 1249 918 378 89
293,292 14071 163 3299 1412
294,4229 11892 154 748 6150
295,1524 2624 1349 957 936
296,227 11892 289 15250 63
297,903 72 163 203 289
298,289 89 288 67 292
299,288 292 227 300 72
300,903 227 14306 163 15250
301,295 55 701 378 257
302,67 295 461 498 344
303,289 89 72 378 292
304,289 67 157 292 89
305,295 67 458 498 291
306,289 292 89 173 233
307,289 89 292 288 67
308,289 89 903 498 292
310,67 295 701 466 344
311,289 89 292 288 67
312,289 288 292 295 67
313,14306 190 209 1524 188
314,289 288 292 679 295
315,289 292 288 67 295
316,1 2 3 4 5
317,289 89 72 292 67
318,288 292 295 466 461
319,12547 1412 173 230 1249
320,72 15250 30 153 15251
321,227 378 1412 15250 486
322,67 55 498 344 333
324,917 498 1339 198 370
325,72 227 15250 153 159
326,289 679 55 300 461
327,461 701 344 257 333
328,289 292 288 295 67
329,300 257 466 333 461
330,292 288 466 291 55
331,288 67 55 295 466
332,289 89 288 67 295
333,89 292 257 461 679
334,903 227 378 163 498
335,701 466 461 333 498
336,378 498 295 15250 207
337,289 67 227 89 903
338,292 461 344 300 295
339,292 679 344 681 2102
340,289 344 498 701 157
341,2624 2026 599 72 1119
342,1369 1412 2624 13637 868
343,289 163 917 1369 89
344,72 289 89 288 67
345,233 227 748 544 173
346,89 292 288 295 498
347,289 89 288 292 461
348,289 292 295 67 300
349,289 89 292 288 498
350,679 257 498 302 344
351,89 289 288 292 67
352,288 461 55 344 157
353,288 67 72 55 157
354,289 67 157 344 55
355,67 295 701 55 498
356,4174 1153 227 195 816
357,173 227 203 51 190
358,1672 830 757 898 5960
359,72 159 12400 997 227
360,157 233 227 67 285
361,295 300 466 498 679
362,289 89 288 292 295
363,289 89 903 292 288
364,89 903 295 289 11892
365,289 72 227 89 15250
366,72 744 56 13305 13306
367,289 292 89 67 461
368,72 378 203 154 190
369,295 234 475 1040 289
370,289 292 288 67 295
371,289 89 67 292 288
372,378 15250 486 227 163
375,292 461 466 344 55
376,227 1412 735 918 163
377,707 227 1369 8966 525
378,289 292 89 67 288
380,67 300 55 461 701
382,1627 234 475 1943 6885
383,289 89 288 292 67
385,288 67 295 55 701
386,51 72 159 227 12400
387,289 89 292 67 295
388,89 72 498 190 292
390,55 333 344 498 157
391,233 378 227 163 512
392,72 55 233 285 295
393,289 89 292 903 288
394,72 289 67 227 288
395,72 707 1369 4229 233
396,289 173 1713 233 292
397,289 292 89 173 288
398,289 89 292 288 67
399,89 67 333 55 498
400,461 344 55 679 498
401,903 227 378 288 89
402,1803 3478 15250 157 198
403,72 295 55 701 344
404,289 89 292 67 288
405,292 55 461 701 344
406,1349 63 7157 10461 1001
407,51 72 159 67 89
408,72 203 159 163 51
409,289 288 295 300 55
410,89 289 498 292 295
411,292 288 289 300 89
412,289 288 55 378 291
413,289 89 67 300 333
414,89 300 344 291 681
415,89 461 295 344 285
416,72 4229 154 227 1814
417,67 344 701 466 498
418,15218 65 333 537 190
419,292 67 300 461 55
420,289 89 292 288 67
421,466 498 344 679 285
423,159 8966 525 599 12400
424,289 89 498 227 288
425,67 344 679 498 302
426,15250 11892 72 227 154
427,1 2 3 4 5
428,511 227 89 1001 12400
430,159 227 67 289 203
431,289 903 89 288 67
432,903 234 65 227 707
433,72 289 89 233 157
434,203 153 1814 72 227
435,67 289 89 55 285
436,72 289 227 89 292
437,292 288 67 295 300
438,72 67 15250 378 203
439,289 292 89 288 461
440,72 15250 163 603 15251
441,51 159 227 12400 1001
442,72 289 67 89 51
443,163 1412 707 14306 15250
444,603 2833 1104 2667 748
446,289 89 67 288 233
447,227 498 72 707 748
449,15250 959 918 1803 1249
450,89 707 289 292 918
451,67 461 55 257 679
452,72 159 227 59 8388
453,498 203 67 163 89
454,72 89 289 378 227
455,72 89 378 15250 289
456,289 292 67 300 701
457,289 378 72 157 233
458,2102 56 289 227 292
459,498 227 163 289 15250
460,289 89 288 67 227
461,89 67 285 289 15974
462,498 707 233 903 289
463,289 89 292 67 288
464,289 89 292 288 55
465,227 903 1412 163 13305
466,498 288 903 15529 2102
467,289 72 89 288 67
468,903 89 289 292 288
469,1524 2624 1349 954 936
470,292 89 498 679 681
471,903 233 163 544 72
472,292 67 701 679 461
473,289 67 55 466 679
474,89 67 292 288 55
475,289 89 292 903 498
476,289 67 153 89 1713
477,289 679 344 498 291
478,903 289 227 378 89
479,89 72 466 344 679
480,72 67 227 173 511
481,288 67 461 466 701
482,1369 1672 64 707 285
484,2676 1731 418 4994 501
485,163 227 4437 632 1510
486,89 461 466 344 72
487,289 89 292 288 344
488,289 292 89 67 498
489,72 163 1369 917 498
490,292 288 67 295 55
491,498 227 72 198 289
492,288 89 55 67 289
493,289 292 89 157 173
494,67 288 295 300 466
495,89 288 67 466 461
496,681 461 344 289 292
497,289 461 344 291 349
498,461 466 333 344 291
499,289 292 89 288 461
500,72 163 4229 154 56
501,289 300 466 679 498
502,67 257 461 701 466
503,461 466 333 498 344
504,292 288 67 295 461
506,603 2667 89 72 153
507,157 163 15250 67 735
508,289 292 89 72 295
509,289 295 288 67 89
510,512 209 15974 972 846
511,378 498 72 295 207
512,190 1104 2833 2667 748
513,378 227 163 15529 72
514,289 295 55 498 679
515,72 67 159 89 1001
516,289 67 157 233 288
517,289 89 288 295 292
518,333 157 291 302 681
519,707 67 1412 227 285
520,289 67 292 89 173
521,289 292 378 288 295
523,1 2 3 4 5
525,89 289 288 378 295
526,1672 234 227 157 163
527,289 701 333 344 679
529,72 227 1412 1034 854
530,289 89 288 292 300
531,257 157 291 686 544
532,289 89 292 288 67
533,18615 5249 72 1114 6497
534,89 461 157 55 344
535,289 288 157 67 15250
536,72 461 295 466 344
537,288 295 67 461 333
538,292 67 498 257 681
539,173 289 292 30 285
540,72 227 89 511 163
541,498 289 72 903 15250
542,89 292 67 288 461
543,289 288 292 295 300
544,378 227 163 15529 498
545,292 288 67 295 55
546,15250 707 15251 15252 15253
547,707 917 868 1372 706
548,498 72 227 289 163
549,72 1412 15250 1369 1249
550,163 227 498 1249 918
551,14306 15250 15251 503 15252
552,67 292 378 209 227
553,89 461 300 701 466
555,67 55 701 461 466
556,679 3391 227 17379 1425
557,3258 217 629 3707 2407
558,289 89 292 288 295
559,4058 212 614 1510 154
560,89 289 288 292 295
561,289 89 292 288 67
562,7 227 2624 234 3892
563,11892 15748 13305 2864 14071
565,51 30 173 1034 5097
566,67 157 153 233 173
567,51 72 1412 163 203
568,51 159 227 8388 511
569,289 55 333 498 344
570,292 289 461 89 681
571,292 55 461 257 333
572,288 55 333 679 498
573,6618 6619 2247 2252 6622
574,15250 903 288 15251 1672
575,292 173 233 30 157
576,51 72 159 227 163
577,173 67 190 30 289
578,292 89 289 288 333
579,1 2 3 4 5
580,227 707 15250 5237 163
581,461 285 300 701 344
582,289 89 292 295 67
583,12547 53 1075 228 450
584,289 89 292 288 295
585,903 227 15485 1412 735
586,918 707 8515 1360 8516
587,707 15250 917 15251 486
589,89 67 333 498 55
590,89 292 67 295 344
592,289 288 461 300 295
593,289 292 89 344 67
594,687 498 207 89 779
595,227 1249 188 918 959
596,67 227 173 190 163
598,67 295 55 291 681
601,163 13564 13565 2300 152
602,707 15250 917 8966 15251
603,233 207 428 227 2702
604,292 55 461 285 157
605,51 72 511 599 1001
606,227 707 512 163 5236
607,15250 15251 15252 15253 1249
608,227 157 1412 15529 233
609,288 55 701 344 257
611,51 159 289 292 67
612,292 288 67 295 55
613,289 285 154 67 292
614,461 257 292 289 295
616,227 498 1412 15250 198
617,289 461 285 157 300
618,13854 3046 14693 4821 1513
619,288 13182 4560 325 1814
620,289 295 466 55 257
621,67 461 466 701 257
622,11892 1369 917 735 959
623,18424 8966 525 424 418
624,871 57 383 858 162
625,603 16504 1965 10522 5147
627,15250 707 227 15251 15252
628,56 163 748 1099 605
629,289 903 89 498 292
631,289 903 89 378 498
632,679 344 2102 2548 681
633,903 227 707 2850 378
634,289 292 461 288 67
635,289 89 67 163 72
636,300 344 466 498 333
637,292 157 72 89 289
638,257 157 498 681 475
639,1 2 3 4 5
640,289 67 292 89 72
641,89 67 475 288 903
642,289 72 89 67 227
643,72 227 67 295 292
644,378 15529 1412 498 687
645,289 15250 498 65 89
646,289 67 701 55 291
647,72 11892 163 227 51
649,163 234 378 227 15250
650,292 173 233 55 295
651,292 461 285 300 257
652,1 2 3 4 5
654,227 233 157 735 234
655,289 89 67 292 72
656,159 12400 227 997 511
657,4229 458 1104 2833 89
658,289 89 233 292 173
659,89 295 300 461 701
660,289 89 292 288 295
661,163 51 72 159 13564
662,289 288 292 89 461
663,498 707 227 903 2102
664,72 187 163 89 159
665,289 67 292 157 89
666,51 67 89 11892 289
667,289 55 679 903 2102
668,903 227 163 154 188
669,292 67 300 466 295
670,1975 868 1412 1974 163
671,289 292 288 67 295
672,15250 18615 15251 15252 15253
673,903 289 498 227 89
674,67 300 295 466 701
675,701 461 333 257 498
676,1249 903 227 1672 1803
677,72 227 15250 1412 707
678,289 903 89 292 67
679,288 701 333 257 498
680,289 67 344 295 333
681,72 12547 1097 498 190
682,289 292 701 67 257
683,289 89 67 227 511
684,89 344 55 157 679
685,289 292 288 461 295
686,72 30 67 89 1001
687,163 1412 227 72 1249
688,289 903 300 295 461
689,288 498 257 291 325
690,157 679 498 681 299
691,67 461 55 466 679
692,289 89 67 292 72
693,289 903 209 227 51
694,227 67 159 903 599
695,603 2667 744 2143 56
696,163 1369 707 917 157
697,15250 154 13305 89 603
698,89 295 55 461 285
699,67 289 292 599 59
700,292 288 67 679 2102
701,292 67 55 461 701
702,461 300 701 344 55
703,701 344 498 681 291
704,292 289 288 295 67
705,289 288 295 67 461
706,1672 498 230 15250 1104
707,72 51 227 159 157
708,72 89 227 289 233
709,227 163 707 72 198
710,163 203 227 51 11892
711,15250 918 227 72 868
712,903 227 289 498 257
713,466 344 461 333 679
714,67 227 12400 511 153
715,1412 918 1249 188 198
716,292 289 681 89 461
717,289 498 679 2102 306
718,67 89 51 289 748
719,707 1412 498 72 1249
720,918 841 1261 1360 947
721,292 227 154 461 289
722,227 157 903 285 72
723,344 257 498 291 302
725,227 498 707 154 15250
726,289 89 292 67 300
727,227 5237 154 2624 3892
728,51 227 173 190 8388
729,2833 2667 748 67 1246
730,295 466 701 157 679
731,1369 227 15250 486 1412
732,288 461 466 344 157
733,15250 234 198 227 2020
734,4183 3737 4184 3334 4185
735,288 227 333 15250 56
736,292 289 89 300 461
737,72 159 163 51 11892
738,1249 959 1372 951 188
739,227 209 157 72 13305
741,1 2 3 4 5
742,289 292 288 67 461
743,289 292 288 295 498
744,498 15250 333 461 15251
745,289 89 292 67 288
746,371 488 295 377 500
747,903 289 89 292 288
749,701 157 285 302 475
750,72 159 233 726 1814
751,289 89 292 288 67
752,289 89 292 687 288
753,289 292 89 288 461
754,289 89 903 498 233
756,288 13182 4560 424 325
757,67 55 344 333 679
758,289 89 292 288 461
759,289 292 288 72 295
760,289 89 292 903 67
761,289 89 292 67 288
762,289 67 173 292 153
763,209 288 289 89 295
764,1412 163 1249 67 1372
765,289 292 475 89 288
767,67 289 233 89 227
768,344 292 89 288 300
769,289 67 89 292 288
770,466 461 55 333 344
771,227 154 15250 1814 15251
772,1412 378 163 289 707
773,51 67 3528 453 15687
776,233 207 428 2702 707
777,289 89 72 292 288
778,295 461 333 285 157
779,292 288 295 55 257
780,289 72 288 292 233
781,67 461 466 55 72
782,190 72 233 154 11892
784,15748 609 503 1349 89
785,89 289 288 67 498
786,233 89 198 512 295
787,498 227 233 154 289
788,72 289 89 159 288
789,868 1412 1974 163 1406
790,67 295 498 333 257
791,227 12400 8388 1001 997
792,475 67 288 89 289
793,461 701 257 333 906
794,903 233 1412 163 917
795,344 679 498 72 291
797,288 295 461 701 498
798,707 498 227 903 163
799,72 51 67 89 11892
800,498 15250 227 903 234
801,289 89 288 292 300
802,603 2143 159 15250 1745
804,89 55 461 300 701
805,603 2667 2143 56 1745
806,289 288 292 295 67
807,289 89 187 288 378
808,289 295 461 679 498
809,292 461 55 344 498
810,498 227 89 707 289
812,72 378 157 289 15250
813,15250 292 378 67 227
814,289 292 67 295 466
815,67 461 55 679 681
816,67 344 333 257 157
817,289 89 292 288 67
818,1 2 3 4 5
819,289 701 461 679 157
820,227 157 498 233 707
821,234 1814 857 230 3444
822,89 72 295 55 289
823,378 486 15250 603 1104
824,207 288 13182 4560 325
825,289 903 498 15250 65
826,292 288 295 67 72
827,1412 959 163 918 227
828,72 227 707 1369 233
829,4229 11892 603 72 64
830,292 295 55 679 344
831,289 89 292 288 295
832,707 227 159 8966 525
834,190 233 748 64 173
835,1412 72 868 735 1372
836,289 89 288 461 295
837,72 2667 744 13564 13305
838,498 227 289 707 378
839,1672 295 488 371 15974
840,1814 12547 227 13637 679
841,15250 15251 15252 15253 936
842,475 289 748 11892 233
843,4208 1091 9485 220 4833
844,289 288 292 295 300
845,1369 1412 163 512 1372
846,378 498 707 1672 288
847,89 292 67 300 461
848,89 289 288 292 748
849,289 292 89 67 498
850,289 51 67 89 159
851,701 257 679 498 285
852,461 701 344 679 498
853,289 89 67 288 295
854,498 63 503 816 2185
855,289 72 67 292 89
856,498 707 903 289 295
858,292 461 257 55 475
859,289 292 461 300 157
860,11892 2624 18424 154 1119
861,288 67 461 701 466
862,292 67 295 55 701
863,289 292 227 67 72
864,288 292 300 295 466
865,227 918 1412 289 1672
868,289 288 292 344 295
869,1 2 3 4 5
870,15250 903 498 15251 288
871,72 917 233 15250 1369
873,289 701 333 498 679
874,72 51 203 159 2667
875,344 498 55 291 2020
876,72 227 11892 203 163
877,1412 707 163 1249 706
878,67 55 157 679 475
881,378 289 903 15250 227
882,67 333 679 55 344
884,67 55 344 291 306
885,461 344 291 498 679
886,289 292 288 300 295
887,15529 378 227 681 289
888,289 89 292 288 67
889,227 89 289 292 288
890,72 157 289 67 89
891,15250 15251 15252 15253 936
893,163 227 735 30 51
895,1975 1406 1520 220 709
896,89 55 295 292 289
897,233 701 227 1428 289
898,300 461 333 466 72
899,289 89 292 288 295
900,2102 187 67 89 15250
903,15250 15251 378 15252 227
904,89 289 344 288 292
905,292 257 333 344 2102
906,292 288 55 679 701
907,903 378 233 292 234
908,2833 2667 748 67 1246
909,288 461 300 257 498
910,288 67 461 300 466
911,461 295 701 55 344
912,227 498 198 15250 868
913,72 292 378 209 233
914,603 748 72 2667 2143
915,289 903 227 378 89
916,498 55 344 458 701
917,289 89 292 288 67
919,498 233 234 903 229
920,13637 517 512 1040 1854
921,72 203 163 227 159
922,289 292 89 288 295
924,289 89 292 288 295
925,289 292 89 15250 295
926,603 748 72 2667 1104
927,289 89 292 288 67
928,11892 289 154 15250 13564
929,15250 15251 15252 15253 227
930,292 67 344 55 291
931,813 3997 503 805 8292
932,289 288 292 72 295
933,89 289 288 903 72
934,203 153 1814 72 533
935,603 2667 159 15250 748
936,72 154 13564 163 13305
938,292 288 67 300 55
939,289 292 89 288 295
940,1814 2624 3444 3892 1384
941,289 292 288 67 461
942,289 292 67 300 466
943,289 89 679 157 72
946,289 89 292 288 295
948,11892 159 603 72 418
949,289 89 498 292 288
950,1412 707 14306 15250 1369
951,72 603 748 67 173
952,292 300 288 344 461
953,903 163 705 1048 932
954,72 289 292 288 233
955,289 89 292 288 295
957,2094 292 2906 6618 6885
958,289 292 89 701 55
959,173 67 187 30 233
960,64 233 726 227 424
961,51 203 72 12400 8966
962,233 701 1428 289 295
963,292 288 461 300 295
964,289 292 288 679 333
965,466 333 498 681 190
966,679 461 344 257 291
967,163 285 1814 1206 453
968,72 375 154 153 13305
969,89 288 295 72 461
971,289 89 292 288 67
972,227 18424 418 18229 615
975,289 89 292 67 295
976,289 89 292 288 67
977,163 153 1713 599 288
978,707 15250 8966 15251 525
979,72 15529 289 292 15250
980,11892 289 15250 227 63
981,292 378 67 461 227
982,289 292 288 55 300
984,292 288 55 461 333
985,289 701 461 466 257
986,89 289 292 227 288
987,289 55 333 498 461
989,903 289 288 292 679
990,1944 195 618 436 615
991,72 735 13564 30 51
993,418 1418 154 289 2006
994,72 289 11892 292 154
995,292 681 55 2020 67
996,163 11892 15250 295 289
997,67 1464 13564 3478 13565
998,292 67 461 466 295
999,289 89 292 288 295
1001,89 292 288 295 300
1002,289 292 67 257 285
1003,72 233 292 173 12547
1004,289 89 67 292 288
1005,868 1412 1974 163 1406
1006,89 292 288 295 300
1007,289 89 292 288 295
1008,444 72 748 599 603
1009,18424 15974 377 292 512
1010,289 67 89 227 288
1011,289 89 292 288 295
1012,157 12547 89 15218 1339
1014,289 89 292 295 55
1015,289 89 292 461 344
1016,11892 1814 3444 1083 631
1017,461 55 679 498 157
1018,234 7 15250 157 918
1019,1670 779 292 533 89
1020,289 89 288 292 295
1021,72 289 903 89 498
1022,289 292 461 288 295
1023,461 300 55 344 498
1024,209 603 2833 67 89
1025,1975 1974 1406 1520 709
1026,289 292 72 461 227
1027,288 300 55 461 344
1028,289 292 67 288 257
1029,51 1814 203 173 153
1030,227 220 436 3528 14057
1032,67 157 15250 13305 1464
1033,461 55 333 257 344
1034,289 89 67 461 295
1035,72 289 227 154 67
1036,233 163 157 15250 344
1037,15748 13305 13306 2894 2873
1038,51 289 67 89 159
1039,89 289 292 67 300
1040,289 72 903 89 227
1041,1412 843 918 706 15250
1042,288 295 344 157 679
1044,18424 154 11892 227 159
1046,55 157 291 458 681
1047,1 2 3 4 5
1049,89 51 289 11892 903
1050,227 11892 289 15250 63
1051,12547 173 498 53 1075
1052,687 89 498 230 1672
1053,292 295 701 55 344
1054,289 89 292 288 67
1055,89 289 292 288 903
1056,89 67 55 291 157
1057,67 295 701 679 55
1058,89 67 55 333 498
1060,498 707 378 903 289
1061,227 735 157 163 233
1062,72 227 203 233 159
1063,378 701 89 288 289
1064,2784 2347 4154 928 840
1065,67 461 295 55 466
1067,72 289 378 1412 498
1068,72 203 163 227 51
1069,300 55 466 461 257
1070,234 1814 12547 173 614
1071,55 344 679 291 306
1072,67 701 55 466 679
1073,89 55 288 289 15250
1074,89 289 288 51 292
1075,289 67 292 288 295
1076,289 292 89 288 295
1078,289 227 707 498 903
1079,289 295 292 89 486
1080,67 300 466 344 333
1081,72 153 173 154 67
1082,289 2102 89 295 67
1083,15250 234 198 65 2020
1084,289 292 89 67 288
1085,748 18229 6930 16504 89
1086,289 89 292 288 67
1087,289 72 89 292 288
1088,289 89 498 227 903
1089,190 173 227 203 1412
1090,295 67 289 157 11892
1091,15250 292 15529 289 209
1092,55 461 498 333 157
1093,917 1524 2624 1349 954
1094,289 72 89 67 292
1097,292 55 701 333 257
1098,2833 1104 2667 748 67
1099,289 67 89 51 292
1100,11892 227 1119 18424 735
1101,378 748 163 72 15529
1102,289 292 67 295 300
1103,289 89 67 288 159
1104,288 300 55 701 466
1106,55 344 257 498 333
1107,288 292 89 295 67
1108,289 89 72 292 378
1109,292 300 55 257 344
1110,1 2 3 4 5
1111,295 89 458 288 903
1112,89 289 288 292 466
1113,89 67 461 300 701
1114,289 89 292 288 295
1115,51 72 159 227 997
1116,289 89 292 288 67
1118,498 3827 603 748 1188
1119,89 289 461 333 15250
1120,903 227 498 300 461
1121,227 233 163 157 735
1122,292 701 498 295 157
1123,1814 14071 3444 1513 1083
1124,55 333 257 291 302
1125,72 51 233 289 190
1126,486 234 15250 377 65
1128,289 67 295 701 55
1130,289 89 292 288 67
1131,292 67 55 701 344
1132,257 344 2102 302 285
1133,289 292 288 67 300
1134,707 705 837 1778 5453
1135,257 285 291 302 681
1136,292 295 67 701 498
1137,89 701 300 461 209
1138,89 903 289 292 288
1139,187 2102 291 257 302
1140,203 153 1814 72 533
1143,292 288 67 295 55
1144,72 289 227 157 89
1145,67 295 701 55 681
1146,89 292 288 295 55
1147,707 917 1412 843 918
1148,51 159 227 289 67
1149,190 209 917 1104 2833
1150,292 89 288 67 300
1151,903 227 289 512 1045
1152,227 72 163 173 18424
1153,289 292 89 288 67
1154,72 289 89 227 498
1155,72 748 159 163 89
1156,289 89 378 67 498
1157,289 288 292 89 295
1158,378 707 227 289 486
1159,498 227 295 72 289
1160,289 903 378 89 67
1161,289 292 288 67 295
1163,289 292 67 89 233
1164,289 89 67 288 157
1165,289 292 67 157 89
1166,67 157 289 159 51
1167,72 289 292 89 227
1170,289 378 903 72 65
1171,300 461 344 466 333
1172,89 288 15250 227 461
1173,289 67 292 173 89
1174,1412 227 1369 163 959
1176,289 89 288 458 498
1177,289 903 227 72 498
1178,89 288 461 295 55
1179,288 67 55 333 679
1180,289 292 227 461 257
1181,72 203 159 227 163
1182,72 163 56 13305 13306
1183,289 89 288 292 67
1184,461 701 257 333 498
1185,67 292 89 288 285
1186,344 461 333 498 325
1187,11892 154 18424 2624 153
1188,67 679 466 498 1034
1189,288 300 344 679 157
1190,903 227 735 1814 67
1191,51 498 707 159 903
1192,291 15250 257 292 302
1193,498 707 903 289 295
1194,15250 378 748 55 289
1195,1400 429 227 3057 229
1196,289 89 292 288 227
1197,67 295 461 300 701
1198,288 67 295 344 701
1199,17753 1491 17755 8400 202
1200,59 1001 441 11892 8388
1202,227 12400 67 997 190
1204,72 15250 292 163 233
1205,289 292 89 288 55
1206,498 227 917 198 903
1207,512 163 614 1412 707
1209,159 67 511 289 997
1210,289 89 1814 59 1083
1211,72 190 748 209 163
1212,1349 4319 4320 1342 936
1213,289 67 89 292 288
1214,378 498 227 15250 289
1215,289 89 288 292 295
1216,377 292 18424 378 488
1217,289 461 292 89 344
1219,89 292 288 295 701
1220,72 289 89 55 295
1221,227 72 159 735 903
1222,89 288 55 300 498
1223,51 159 12400 1001 997
1224,72 13305 13306 15748 227
1225,51 30 1034 163 67
1226,67 300 701 461 679
1228,2624 2026 599 72 631
1229,289 292 67 498 55
1230,72 289 89 227 67
1231,498 227 707 289 903
1232,51 203 163 227 67
1233,292 295 300 257 461
1234,289 67 233 378 203
1235,1 2 3 4 5
1236,72 15250 233 89 15529
1237,498 707 289 1412 233
1238,55 289 1243 7340 89
1239,903 15250 15251 173 72
1240,2624 599 1119 959 2026
1242,15250 15251 15252 15253 13305
1243,89 289 292 163 707
1244,72 51 173 67 163
1245,378 15250 15251 153 15252
1246,72 89 227 157 233
1247,67 295 344 72 285
1248,289 89 288 67 295
1249,289 89 72 292 67
1253,67 461 344 257 291
1254,72 163 173 154 4229
1255,289 288 461 157 466
1256,227 512 1339 212 367
1258,72 227 51 289 89
1259,289 292 89 378 461
1261,289 89 55 288 227
1262,289 89 292 67 295
1263,55 333 466 257 498
1264,903 233 1249 544 3478
1265,1814 8966 525 153 748
1266,227 289 67 72 163
1267,289 903 89 67 707
1270,1412 706 918 2343 951
1271,903 15250 498 163 72
1272,461 295 257 157 458
1273,603 1104 2833 2667 748
1274,289 72 89 288 292
1275,289 89 292 295 67
1276,1 2 3 4 5
1277,289 89 292 288 67
1278,289 292 67 461 55
1279,4229 748 603 744 53
1280,51 227 163 11892 599
1281,289 89 72 292 227
1282,163 173 187 30 1034
1283,67 295 55 498 466
1284,72 1104 2833 153 487
1286,72 203 227 159 163
1287,72 289 67 227 157
1288,227 378 72 15250 498
1289,227 15250 735 15251 72
1290,289 89 292 288 67
1291,289 903 288 89 295
1292,289 89 288 295 333
1293,726 233 1673 72 13637
1294,288 466 67 295 344
1295,289 378 89 163 233
1296,498 707 227 89 234
1298,461 295 157 55 333
1299,289 288 466 498 679
1300,461 466 701 257 498
1301,300 461 257 701 466
1302,289 89 288 292 67
1303,285 163 18424 8966 525
1304,67 295 701 679 55
1305,289 701 498 344 681
1308,292 300 461 466 157
1309,11892 2624 18424 159 2026
1310,89 292 288 67 295
1311,289 67 257 55 285
1312,1672 295 1180 488 503
1313,227 735 72 153 2624
1315,227 72 67 748 603
1316,295 288 292 55 378
1318,55 72 461 333 291
1319,289 89 292 288 67
1321,1 2 3 4 5
1322,227 220 436 14057 3032
1323,295 89 458 288 903
1324,15250 15251 15252 15253 936
1325,1378 57 377 159 238
1327,159 67 227 599 511
1329,903 67 227 13182 285
1330,11892 295 227 157 15250
1331,72 289 67 903 288
1332,701 55 344 498 257
1333,418 1106 1731 1727 226
1335,11892 56 154 18229 13564
1336,1 2 3 4 5
1337,289 288 292 295 300
1339,289 288 292 300 903
1340,1814 867 631 9469 163
1342,72 227 15250 735 15251
1343,89 292 67 288 461
1345,72 163 707 735 15250
1346,289 292 89 288 300
1347,227 72 15250 67 157
1348,292 288 67 300 295
1349,89 163 233 207 65
1350,72 707 903 163 89
1351,344 288 686 461 292
1352,209 67 163 285 89
1353,289 89 292 295 903
1354,289 903 227 498 89
1355,18424 159 154 195 2006
1356,89 344 679 157 681
1357,903 15250 292 15529 209
1358,498 72 227 289 89
1360,159 173 181 8042 614
1362,72 89 15250 498 292
1363,289 89 292 67 288
1364,15250 72 1412 292 289
1365,89 300 333 681 157
1366,288 289 67 295 378
1367,289 292 288 67 72
1368,89 67 378 461 344
1369,289 292 89 295 67
1371,1 2 3 4 5
1372,72 289 292 288 295
1373,289 89 292 295 288
1374,289 461 292 295 288
1375,903 227 163 932 705
1376,12547 173 1097 498 190
1377,15250 15748 15251 3478 154
1378,1 2 3 4 5
1379,89 292 288 295 498
1380,289 89 292 72 227
1381,89 288 67 55 300
1382,475 289 295 288 67
1383,13637 1814 1131 9900 152
1384,707 917 498 153 72
1385,289 292 67 333 701
1386,163 227 13564 154 18424
1387,378 289 89 72 292
1388,292 67 295 701 55
1389,289 89 67 292 72
1390,289 67 292 466 461
1393,289 67 51 227 233
1394,288 461 701 55 333
1395,903 153 72 13305 159
1396,498 157 72 903 959
1397,289 89 72 67 288
1398,15218 65 333 89 1944
1399,300 291 2102 498 344
1401,15250 498 903 378 65
1402,378 15529 72 498 687
1403,292 89 67 288 295
1404,72 289 89 292 67
1405,51 72 67 159 227
1406,18229 6930 18230 2265 17613
1407,903 289 292 498 288
1408,67 89 292 227 461
1410,292 67 300 295 701
1411,289 89 11892 72 378
1413,292 679 498 257 2020
1414,681 461 333 344 289
1416,903 292 289 89 288
1418,289 288 67 300 295
1419,289 89 292 288 295
1420,903 289 227 67 288
1421,1718 355 9539 204 205
1422,2850 843 512 377 89
1423,292 55 701 333 679
1424,289 903 89 288 67
1425,89 289 292 288 67
1426,292 89 288 461 67
1427,159 67 173 1713 190
1428,89 289 227 378 157
1429,67 55 333 257 157
1430,903 89 288 289 55
1431,72 461 257 30 292
1432,289 292 89 288 67
1433,89 292 288 295 55
1434,292 295 461 466 55
1435,300 285 701 498 333
1437,292 67 55 701 679
1438,498 903 15250 234 163
1439,163 735 15748 30 51
1440,89 67 292 288 295
1441,289 288 292 300 67
1442,227 220 436 3528 14057
1443,89 289 288 292 701
1444,903 289 227 378 89
1445,89 295 461 466 701
1446,289 292 344 498 295
1447,292 67 701 498 157
1449,707 917 868 163 198
1450,289 288 292 295 498
1451,67 333 701 55 498
1452,289 89 292 288 67
1453,55 344 498 257 291
1454,30 227 173 1713 67
1455,55 701 257 2102 285
1456,2102 56 63 8966 233
1457,67 55 257 157 544
1458,903 227 292 209 15250
1459,13564 13565 4126 2332 13981
1461,292 67 227 300 1428
1462,461 498 257 344 306
1463,51 67 89 159 11892
1464,726 1131 72 707 1701
1465,289 89 292 67 55
1466,292 701 466 157 498
1467,89 292 378 295 679
1469,289 292 288 295 461
1470,15748 1814 234 735 609
1471,89 288 333 344 291
1472,51 159 8966 525 227
1473,289 89 292 288 295
1474,72 203 11892 289 288
1475,289 292 55 67 466
1476,292 67 701 55 679
1477,72 89 288 378 289
1478,289 89 67 295 300
1479,289 89 292 288 295
1480,72 378 289 227 292
1481,289 89 292 67 288
1483,292 288 67 461 295
1484,1 2 3 4 5
1485,13182 285 898 533 13637
1486,227 163 51 599 11892
1488,289 227 89 1412 15250
1489,89 461 295 344 300
1490,707 234 72 1369 918
1491,292 288 67 295 461
1492,72 378 203 67 173
1493,1672 707 830 1349 808
1494,289 292 461 288 89
1495,89 67 227 288 289
1496,289 292 67 89 173
1497,163 13564 13565 227 1412
1498,289 292 89 288 498
1499,15974 15663 14395 8816 5088
1500,1 2 3 4 5
1501,816 233 813 823 198
1502,718 871 1639 859 1378
1503,289 67 461 300 72
1504,289 2102 187 375 89
1505,67 157 289 30 153
1506,51 289 67 903 72
1507,289 292 89 461 288
1508,89 498 15250 289 288
1509,292 288 67 55 257
1511,55 701 157 285 325
1513,603 333 2143 501 1745
1514,173 289 1713 89 159
1515,289 292 67 300 701
1516,89 292 295 55 466
1517,289 89 67 701 466
1518,18424 154 1944 2006 2864
1519,89 292 681 679 461
1520,289 292 288 67 461
1521,89 67 55 498 257
1522,289 89 292 67 288
1524,378 227 207 498 295
1525,67 55 498 679 157
1527,289 903 227 288 498
1528,67 701 679 498 344
1530,227 289 903 498 89
1531,917 1412 707 163 1249
1532,67 295 498 461 466
1533,67 701 461 285 466
1534,498 227 707 289 681
1535,289 292 67 288 295
1536,289 67 227 292 1369
1537,903 233 227 18615 898
1538,378 1412 498 15529 234
1539,289 89 292 67 288
1540,292 67 295 466 257
1541,159 187 89 599 163
1542,51 89 289 159 2102
1543,289 89 227 72 292
1544,498 455 209 288 295
1545,289 498 230 67 288
1546,378 498 15250 227 153
1547,289 89 292 288 295
1549,233 64 512 1001 1803
1551,289 292 89 67 72
1552,289 89 292 67 679
1553,89 292 72 295 67
1554,227 72 1412 233 157
1555,89 295 701 333 461
1556,289 292 89 288 67
1557,56 2143 1104 2833 13564
1558,292 289 89 461 333
1559,289 89 292 288 295
1560,55 461 333 344 498
1562,289 288 67 461 295
1563,292 89 288 295 300
1564,89 333 498 544 310
1565,903 227 292 289 89
1566,903 378 289 295 498
1567,289 89 292 288 67
1568,67 701 333 55 679
1570,89 67 378 289 288
1572,89 295 466 157 318
1573,289 292 89 67 15250
1574,163 1981 331 707 278
1575,203 603 2833 1104 2667
1576,299 187 89 295 257
1577,292 55 72 285 157
1578,461 498 681 55 333
1579,378 15250 295 154 15251
1580,292 295 67 498 681
1581,289 89 903 72 292
1582,289 227 903 65 378
1583,72 233 227 289 288
1584,289 292 89 67 498
1585,289 89 227 288 12400
1586,72 1412 1249 163 1803
1587,378 190 72 498 295
1588,289 89 72 67 292
1589,289 89 292 227 378
1590,67 300 344 461 333
1591,288 67 701 55 466
1592,903 227 15250 18615 289
1593,89 67 300 461 701
1594,289 89 295 903 15250
1595,203 173 1713 190 153
1596,72 1412 1034 854 1814
1597,289 89 288 292 67
1599,3997 5960 757 5961 1035
1600,89 461 679 498 344
1601,51 67 227 203 163
1604,2833 2667 748 67 1246
1605,89 292 67 333 679
1606,67 302 2102 903 299
1607,89 67 295 55 344
1608,289 466 498 701 2548
1611,187 13182 173 1713 229
1613,378 15250 227 163 15529
1614,289 292 288 67 295
1615,72 51 163 203 12400
1616,89 300 461 679 344
1617,203 153 1814 72 533
1618,51 72 159 12400 67
1619,707 917 1412 2667 1246
1620,289 300 161 292 679
1621,2833 603 1104 2667 748
1622,292 378 67 227 461
1623,163 707 18424 198 8966
1624,72 375 153 424 13305
1625,289 89 72 67 227
1626,289 89 292 67 288
1627,72 289 67 89 157
1628,67 295 300 498 257
1629,187 15250 257 13564 15251
1630,227 72 15250 735 13564
1632,292 67 295 55 701
1633,461 257 157 333 285
1635,289 1412 378 67 15250
1636,89 292 701 679 55
1637,51 89 295 67 292
1638,163 418 154 227 3364
1639,1412 1369 706 868 918
1640,89 687 289 72 292
1641,289 89 67 55 292
1642,289 89 67 288 292
1643,72 209 159 599 12400
1644,227 17334 12135 17335 17336
1646,67 55 461 701 466
1647,67 295 903 375 466
1648,89 300 461 72 701
1649,67 55 461 257 333
1650,3046 14693 4893 5716 3056
1652,288 461 378 55 679
1653,289 292 288 461 157
1654,153 1814 72 533 227
1655,227 903 498 707 163
1656,289 89 55 288 466
1657,603 56 744 13564 13565
1658,289 292 89 295 67
1659,289 288 466 461 679
1660,227 72 159 15250 67
1661,289 89 292 67 288
1662,289 89 292 288 295
1663,295 679 498 302 2548
1664,289 89 292 288 295
1665,289 89 292 288 67
1666,289 295 300 285 344
1667,289 89 292 67 72
1669,163 227 15529 1412 498
1670,289 89 292 72 498
1671,72 289 67 227 1412
1672,159 153 30 8388 51
1674,288 89 292 300 466
1675,289 288 89 292 344
1676,1 2 3 4 5
1677,233 207 2702 428 227
1678,288 72 498 55 333
1679,289 378 89 292 72
1680,190 72 13564 173 13565
1682,89 903 227 292 288
1683,289 209 89 285 292
1684,67 292 378 55 344
1685,292 288 295 300 498
1686,292 289 903 288 295
1687,289 67 55 679 257
1688,289 89 292 288 498
1689,8966 525 1814 418 782
1690,89 295 701 344 257
1691,72 233 292 289 227
1692,3748 1244 5649 159 5650
1693,289 461 1464 55 466
1694,288 89 67 300 701
1695,233 903 65 498 229
1696,72 498 15250 289 378
1697,63 154 498 16504 5237
1699,292 300 461 67 344
1700,190 15250 209 227 13305
1701,8966 525 13637 2624 163
1702,1249 917 903 959 707
1703,198 1412 14306 15250 163
1704,289 292 288 67 295
1705,903 234 154 735 498
1706,289 292 288 67 295
1707,289 89 292 288 295
1708,72 1814 190 16364 511
1709,289 89 292 67 288
1710,4229 748 418 603 744
1711,227 1814 2624 851 1416
1712,72 227 512 918 706
1715,67 292 295 300 701
1717,72 285 157 701 461
1718,209 223 544 1034 11236
1719,289 89 292 55 67
1720,234 1814 227 12547 14071
1721,227 735 233 163 157
1722,289 292 461 285 257
1723,289 378 89 72 227
1724,289 89 292 288 285
1725,292 67 295 498 55
1726,333 344 498 679 291
1727,56 154 64 424 72
1728,159 153 30 486 67
1729,212 9727 12583 2290 17053
1730,288 498 461 333 344
1732,748 2667 744 56 154
1733,1 2 3 4 5
1734,289 67 461 300 55
1736,289 292 300 295 461
1737,72 15529 89 289 292
1740,72 1104 2833 288 89
1741,289 292 89 288 67
1742,289 461 701 344 498
1743,289 89 292 288 67
1744,51 72 159 12400 203
1745,289 903 15529 295 486
1746,173 288 511 16364 13182
1747,2673 16740 16741 6185 6582
1748,289 89 292 295 67
1749,289 292 227 288 461
1751,14931 12717 14932 8480 2817
1752,289 89 292 72 288
1753,89 300 72 344 498
1754,163 227 233 735 15250
1755,11892 18424 2624 159 1121
1757,89 67 300 295 466
1759,233 207 227 428 969
1760,289 1412 89 707 157
1761,289 89 292 67 288
1762,300 461 55 257 285
1764,1 2 3 4 5
1765,292 300 67 466 461
1766,344 257 701 157 679
1768,67 295 300 55 701
1769,89 67 295 701 55
1770,227 89 233 207 687
1771,89 292 295 701 333
1772,72 292 707 289 157
1773,289 288 67 295 300
1774,2667 2833 1104 748 67
1775,2102 726 889 233 375
1776,344 295 701 378 681
1777,289 67 51 173 89
1778,209 537 488 3859 371
1779,917 159 1109 522 1110
1780,89 461 157 285 302
1781,72 289 498 157 903
1782,289 89 292 288 67
1783,289 903 89 65 292
1784,227 89 288 378 67
1785,289 72 89 292 67
1786,67 466 295 55 333
1787,67 1464 13564 3478 13565
1788,289 67 333 55 257
1789,72 289 89 67 227
1790,89 292 288 295 257
1791,89 292 903 300 2548
1792,72 289 67 157 292
1793,289 903 227 89 292
1794,289 89 295 288 498
1795,67 701 544 679 333
1796,903 289 227 209 65
1797,227 903 89 288 289
1798,289 292 233 67 89
1799,67 2102 461 344 294
1800,289 67 157 292 233
1801,748 72 15250 154 227
1802,289 89 378 292 72
1803,289 89 292 288 67
1804,289 903 89 288 292
1805,289 72 89 67 288
1806,289 292 67 288 679
1807,14931 12717 14932 2817 162
1808,289 679 466 498 302
1809,289 89 292 288 903
1810,292 295 67 466 461
1811,289 292 55 466 461
1813,292 466 701 498 257
1814,378 203 67 173 289
1815,289 292 89 67 295
1816,227 288 173 543 13182
1817,289 89 292 288 55
1818,289 292 89 288 67
1819,1 2 3 4 5
1820,257 498 325 681 285
1821,466 701 291 157 190
1822,227 72 18424 11892 735
1823,289 89 288 292 903
1824,903 15250 15529 72 157
1825,289 292 300 67 466
1826,227 292 67 333 55
1827,603 2833 1104 2667 72
1828,300 701 461 333 344
1829,89 292 466 333 681
1830,289 227 89 292 288
1831,903 735 230 288 8966
1832,289 89 288 292 295
1833,289 461 67 300 466
1834,289 89 292 300 67
1835,289 173 30 153 1034
1836,1 2 3 4 5
1838,289 89 292 295 300
1839,72 1412 163 1034 1249
1840,15218 190 333 89 537
1841,72 15250 289 378 159
1842,289 209 486 300 89
1844,285 55 292 257 299
1845,72 163 1249 1372 289
1846,289 292 461 295 67
1847,15250 13305 15251 13306 15252
1848,15250 72 18424 8966 748
1850,292 300 701 461 466
1851,67 300 295 498 701
1852,289 292 288 72 295
1853,227 735 154 153 13305
1854,475 289 89 288 292
1855,72 375 154 153 424
1856,89 288 300 295 466
1857,4174 1153 227 195 768
1858,707 15250 1339 1412 936
1859,72 67 289 292 89
1860,5247 215 72 2531 5236
1861,18229 6930 18230 1627 607
1862,233 4229 67 969 227
1863,67 461 190 233 455
1864,227 67 292 15250 72
1865,72 498 227 289 903
1866,72 289 292 159 511
1867,4229 1 2 3 4
1868,707 498 227 917 1412
1869,89 292 288 461 300
1871,89 209 285 300 461
1872,89 289 292 288 295
1873,67 300 679 701 227
1874,11892 159 603 72 418
1875,289 89 72 163 378
1877,813 3997 503 805 154
1879,289 89 292 67 288
1880,292 67 295 466 701
1881,159 12400 997 1001 599
1882,72 227 289 89 67
1883,72 51 67 89 289
1885,11892 89 289 288 903
1887,498 227 378 295 65
1888,444 603 2673 2667 16740
1889,1249 917 707 959 918
1890,67 89 288 289 2833
1891,748 603 13564 11892 56
1892,72 67 378 203 173
1893,378 292 289 475 51
1894,289 285 55 498 157
1895,288 461 466 344 333
1896,1098 227 418 5414 3280
1897,289 292 89 288 475
1898,292 288 295 55 498
1899,455 498 344 375 377
1900,89 1001 292 295 289
1902,187 292 67 889 726
1903,300 461 344 257 466
1904,4451 235 197 5605 1380
1905,72 227 378 159 190
1906,292 288 295 227 55
1907,289 89 67 292 378
1908,295 300 257 333 285
1909,292 288 333 701 285
1910,289 292 288 300 701
1911,289 498 89 903 378
1912,15250 292 15251 15252 15253
1914,1412 707 498 917 378
1915,72 288 289 292 67
1917,295 67 300 55 466
1918,289 292 72 89 295
1919,289 498 65 525 288
1920,289 903 288 292 15250
1921,289 89 67 292 300
1922,903 289 89 227 288
1923,72 51 498 227 163
1924,289 67 292 72 295
1925,72 190 233 173 227
1926,1670 779 292 533 89
1928,418 154 1755 246 1731
1929,51 289 67 159 227
1930,89 289 292 67 209
1931,227 903 72 233 207
1933,57 159 858 6583 84
1934,289 67 89 378 187
1935,55 289 285 295 288
1936,453 1098 203 707 705
1937,289 288 89 295 67
1938,903 227 455 13305 13306
1939,197 2624 554 192 1416
1941,498 289 227 903 707
1942,51 159 173 1713 187
1944,67 289 295 89 903
1946,289 89 461 157 67
1947,89 55 289 288 15250
1948,903 227 289 65 295
1949,233 56 89 153 64
1950,289 89 292 903 227
1951,4183 3737 4230 3248 3334
1952,289 903 378 89 227
1954,289 292 89 67 461
1955,72 378 203 67 173
1956,289 72 288 292 300
1957,51 203 72 12400 8966
1958,1001 8388 67 511 12400
1959,67 461 295 701 257
1961,292 67 295 461 55
1962,2419 13387 212 5235 227
1963,344 701 333 55 498
1964,289 89 67 288 227
1965,300 461 701 466 257
1966,15250 12400 227 16364 15251
1968,498 72 917 289 163
1969,89 289 67 288 475
1971,917 707 227 289 498
1972,707 89 227 917 289
1973,295 466 461 679 498
1974,289 498 89 295 288
1975,72 603 227 163 11892
1976,13564 13182 13565 13981 13982
1977,72 748 153 229 544
1978,72 289 227 67 163
1979,466 701 344 257 285
1980,72 375 154 153 424
1981,289 89 51 187 72
1982,1 2 3 4 5
1983,289 292 89 461 344
1984,289 227 903 67 15250
1986,289 903 89 378 15250
1987,1 2 3 4 5
1988,295 344 67 498 679
1989,15250 72 11892 227 289
1990,475 1814 1946 1704 72
1991,51 289 67 89 159
1992,72 227 51 203 163
1993,289 292 288 67 295
1994,289 227 498 288 67
1995,289 72 378 903 295
1996,209 67 285 89 302
1997,289 89 292 67 288
1998,378 498 89 72 903
1999,289 89 292 288 51
2000,89 292 300 461 295
2001,289 498 227 157 288
2003,51 603 159 15250 67
2004,288 67 461 466 344
2005,163 13564 13182 13565 18229
2006,289 72 89 292 288
2007,378 498 1412 163 15529
2008,89 498 289 154 707
2009,289 292 89 67 288
2010,289 16497 542 498 333
2011,51 72 159 227 12400
2013,1249 234 89 230 540
2014,227 8388 153 190 1014
2015,13637 920 2380 1854 3240
2016,72 289 89 295 288
2017,289 89 378 227 288
2018,89 295 466 701 498
2019,289 89 903 288 227
2020,289 292 67 461 344
2021,292 67 701 466 498
2022,679 701 67 292 288
2023,67 466 498 295 701
2024,1713 1412 30 153 288
2025,289 89 227 288 233
2027,89 288 67 295 498
2028,748 2667 13564 11892 56
2029,289 227 903 89 288
2030,163 15250 227 13564 13182
2031,288 461 257 285 701
2032,289 292 89 72 288
2033,288 67 701 679 461
2034,289 292 157 55 285
2035,15250 227 15251 15252 15253
2036,289 89 292 67 72
2037,289 89 300 55 461
2038,288 67 55 333 344
2039,289 89 292 288 295
2040,2850 843 512 418 377
2041,289 292 288 295 285
2042,289 498 89 903 227
2043,72 163 227 735 30
2044,289 11892 227 15250 63
2045,4893 4821 5716 1513 8608
2046,2667 1246 603 2833 748
2047,227 56 154 163 512
2048,289 89 67 292 288
2051,289 89 292 72 288
2052,289 89 288 67 295
2053,289 292 288 295 461
2054,67 466 55 701 257
2055,67 227 203 15250 289
2056,89 292 288 295 67
2057,486 72 12547 173 209
2058,289 72 292 295 257
2059,701 344 55 333 72
2060,234 15250 813 15251 15252
2061,292 67 300 55 344
2062,289 89 67 903 55
2064,687 207 233 227 154
2065,292 295 67 55 257
2066,67 903 2833 375 289
2067,461 292 378 67 475
2068,289 292 288 67 295
2069,289 89 498 288 67
2070,289 89 292 288 300
2071,288 701 55 461 498
2072,292 67 461 300 55
2075,289 233 89 173 461
2076,289 903 288 55 163
2077,289 67 227 157 233
2078,289 227 903 498 65
2079,67 72 292 157 55
2080,289 67 173 157 292
2081,679 3483 89 5147 167
2083,289 89 67 288 187
2084,289 903 89 67 498
2086,233 207 65 498 1672
2087,257 157 325 349 2548
2088,289 292 67 461 498
2090,16364 603 512 2143 1195
2091,903 227 288 89 289
2092,220 15218 1249 203 537
2093,1412 15250 1369 163 15251
2094,288 292 681 701 67
2095,289 163 67 190 903
2096,289 2179 1655 4230 1231
2097,289 67 233 173 227
2099,603 13564 13305 233 744
2100,918 707 8515 1360 8516
